{
  "mse": 0.9215644001960754,
  "mae": 0.770871639251709,
  "r2": 0.12433892488479614
}